pos,name,seq
A1,ABHD6_1_F,AATGATACGGCGACCACCGAGATCTACACTCTTTCCCTACACGACGCTCTTCCGATCTacctgaaatatattaactctgggc
A1,ABHD6_1_R,CAAGCAGAAGACGGCATACGAGATgcgcatatGTGACTGGAGTTCAGACGTGTGCTCTTCCGATCTctggggtagacgggatcaag
A2,ABHD6_2_F,AATGATACGGCGACCACCGAGATCTACACTCTTTCCCTACACGACGCTCTTCCGATCTacctgaaatatattaactctgggc
A2,ABHD6_2_R,CAAGCAGAAGACGGCATACGAGATctgtaccaGTGACTGGAGTTCAGACGTGTGCTCTTCCGATCTctggggtagacgggatcaag
A3,ABHD6_3_F,AATGATACGGCGACCACCGAGATCTACACTCTTTCCCTACACGACGCTCTTCCGATCTacctgaaatatattaactctgggc
A3,ABHD6_3_R,CAAGCAGAAGACGGCATACGAGATgaacggttGTGACTGGAGTTCAGACGTGTGCTCTTCCGATCTctggggtagacgggatcaag
A4,ABHD6_4_F,AATGATACGGCGACCACCGAGATCTACACTCTTTCCCTACACGACGCTCTTCCGATCTacctgaaatatattaactctgggc
A4,ABHD6_4_R,CAAGCAGAAGACGGCATACGAGATaccggttaGTGACTGGAGTTCAGACGTGTGCTCTTCCGATCTctggggtagacgggatcaag
A5,ABHD6_5_F,AATGATACGGCGACCACCGAGATCTACACTCTTTCCCTACACGACGCTCTTCCGATCTacctgaaatatattaactctgggc
A5,ABHD6_5_R,CAAGCAGAAGACGGCATACGAGATcgatgttcGTGACTGGAGTTCAGACGTGTGCTCTTCCGATCTctggggtagacgggatcaag
A6,ABHD6_6_F,AATGATACGGCGACCACCGAGATCTACACTCTTTCCCTACACGACGCTCTTCCGATCTacctgaaatatattaactctgggc
A6,ABHD6_6_R,CAAGCAGAAGACGGCATACGAGATctacaaggGTGACTGGAGTTCAGACGTGTGCTCTTCCGATCTctggggtagacgggatcaag
A7,ABHD6_7_F,AATGATACGGCGACCACCGAGATCTACACTCTTTCCCTACACGACGCTCTTCCGATCTacctgaaatatattaactctgggc
A7,ABHD6_7_R,CAAGCAGAAGACGGCATACGAGATaagcctgaGTGACTGGAGTTCAGACGTGTGCTCTTCCGATCTctggggtagacgggatcaag
A8,ABHD6_8_F,AATGATACGGCGACCACCGAGATCTACACTCTTTCCCTACACGACGCTCTTCCGATCTacctgaaatatattaactctgggc
A8,ABHD6_8_R,CAAGCAGAAGACGGCATACGAGATacgagaacGTGACTGGAGTTCAGACGTGTGCTCTTCCGATCTctggggtagacgggatcaag
A9,ABHD6_9_F,AATGATACGGCGACCACCGAGATCTACACTCTTTCCCTACACGACGCTCTTCCGATCTacctgaaatatattaactctgggc
A9,ABHD6_9_R,CAAGCAGAAGACGGCATACGAGATctcgttctGTGACTGGAGTTCAGACGTGTGCTCTTCCGATCTctggggtagacgggatcaag
A10,ABHD6_10_F,AATGATACGGCGACCACCGAGATCTACACTCTTTCCCTACACGACGCTCTTCCGATCTacctgaaatatattaactctgggc
A10,ABHD6_10_R,CAAGCAGAAGACGGCATACGAGATtggaagcaGTGACTGGAGTTCAGACGTGTGCTCTTCCGATCTctggggtagacgggatcaag
A11,ABHD6_11_F,AATGATACGGCGACCACCGAGATCTACACTCTTTCCCTACACGACGCTCTTCCGATCTacctgaaatatattaactctgggc
A11,ABHD6_11_R,CAAGCAGAAGACGGCATACGAGATagtcgaagGTGACTGGAGTTCAGACGTGTGCTCTTCCGATCTctggggtagacgggatcaag
A12,ABHD6_12_F,AATGATACGGCGACCACCGAGATCTACACTCTTTCCCTACACGACGCTCTTCCGATCTacctgaaatatattaactctgggc
A12,ABHD6_12_R,CAAGCAGAAGACGGCATACGAGATaacaggtgGTGACTGGAGTTCAGACGTGTGCTCTTCCGATCTctggggtagacgggatcaag
B1,ABHD6_13_F,AATGATACGGCGACCACCGAGATCTACACTCTTTCCCTACACGACGCTCTTCCGATCTacctgaaatatattaactctgggc
B1,ABHD6_13_R,CAAGCAGAAGACGGCATACGAGATcgtgtgatGTGACTGGAGTTCAGACGTGTGCTCTTCCGATCTctggggtagacgggatcaag
B2,ABHD6_14_F,AATGATACGGCGACCACCGAGATCTACACTCTTTCCCTACACGACGCTCTTCCGATCTacctgaaatatattaactctgggc
B2,ABHD6_14_R,CAAGCAGAAGACGGCATACGAGATtcttacggGTGACTGGAGTTCAGACGTGTGCTCTTCCGATCTctggggtagacgggatcaag
B3,ABHD6_15_F,AATGATACGGCGACCACCGAGATCTACACTCTTTCCCTACACGACGCTCTTCCGATCTacctgaaatatattaactctgggc
B3,ABHD6_15_R,CAAGCAGAAGACGGCATACGAGATaaggcgtaGTGACTGGAGTTCAGACGTGTGCTCTTCCGATCTctggggtagacgggatcaag
B4,ABHD6_16_F,AATGATACGGCGACCACCGAGATCTACACTCTTTCCCTACACGACGCTCTTCCGATCTacctgaaatatattaactctgggc
B4,ABHD6_16_R,CAAGCAGAAGACGGCATACGAGATtaacgtcgGTGACTGGAGTTCAGACGTGTGCTCTTCCGATCTctggggtagacgggatcaag
B5,ABHD6_17_F,AATGATACGGCGACCACCGAGATCTACACTCTTTCCCTACACGACGCTCTTCCGATCTacctgaaatatattaactctgggc
B5,ABHD6_17_R,CAAGCAGAAGACGGCATACGAGATtcgtgcatGTGACTGGAGTTCAGACGTGTGCTCTTCCGATCTctggggtagacgggatcaag
B6,ABHD6_18_F,AATGATACGGCGACCACCGAGATCTACACTCTTTCCCTACACGACGCTCTTCCGATCTacctgaaatatattaactctgggc
B6,ABHD6_18_R,CAAGCAGAAGACGGCATACGAGATcaatcaggGTGACTGGAGTTCAGACGTGTGCTCTTCCGATCTctggggtagacgggatcaag
B7,ABHD6_19_F,AATGATACGGCGACCACCGAGATCTACACTCTTTCCCTACACGACGCTCTTCCGATCTacctgaaatatattaactctgggc
B7,ABHD6_19_R,CAAGCAGAAGACGGCATACGAGATactcctacGTGACTGGAGTTCAGACGTGTGCTCTTCCGATCTctggggtagacgggatcaag
B8,ABHD6_20_F,AATGATACGGCGACCACCGAGATCTACACTCTTTCCCTACACGACGCTCTTCCGATCTacctgaaatatattaactctgggc
B8,ABHD6_20_R,CAAGCAGAAGACGGCATACGAGATctcctagtGTGACTGGAGTTCAGACGTGTGCTCTTCCGATCTctggggtagacgggatcaag
B9,ABHD6_21_F,AATGATACGGCGACCACCGAGATCTACACTCTTTCCCTACACGACGCTCTTCCGATCTacctgaaatatattaactctgggc
B9,ABHD6_21_R,CAAGCAGAAGACGGCATACGAGATagctagtgGTGACTGGAGTTCAGACGTGTGCTCTTCCGATCTctggggtagacgggatcaag
B10,ABHD6_22_F,AATGATACGGCGACCACCGAGATCTACACTCTTTCCCTACACGACGCTCTTCCGATCTacctgaaatatattaactctgggc
B10,ABHD6_22_R,CAAGCAGAAGACGGCATACGAGATcaagtcgtGTGACTGGAGTTCAGACGTGTGCTCTTCCGATCTctggggtagacgggatcaag
B11,ABHD6_23_F,AATGATACGGCGACCACCGAGATCTACACTCTTTCCCTACACGACGCTCTTCCGATCTacctgaaatatattaactctgggc
B11,ABHD6_23_R,CAAGCAGAAGACGGCATACGAGATtacacacgGTGACTGGAGTTCAGACGTGTGCTCTTCCGATCTctggggtagacgggatcaag
B12,ABHD6_24_F,AATGATACGGCGACCACCGAGATCTACACTCTTTCCCTACACGACGCTCTTCCGATCTacctgaaatatattaactctgggc
B12,ABHD6_24_R,CAAGCAGAAGACGGCATACGAGATaggtcaacGTGACTGGAGTTCAGACGTGTGCTCTTCCGATCTctggggtagacgggatcaag
